start,end,today,leader_name,leader_email,oosc,beach_dive_line,survey_site,survey_site_key,other_survey_site_user_input,pre_loaded_GPS_coordinates,alternative_GPS_coordinates,pre_loaded_town_cities,town_village,participants,dominant_substrate,wave_conditions,weather_conditions,weather_conditions_breeze,weather_conditions_sunny,weather_conditions_warm,weather_conditions_windy,survey_area,survey_time,beach_ecosystem,beach_ecosystem_coral_reef,dive_orient,dive_depth,dive_ecosystem,line_location,line_material,line_old_new,weight_items,plastic_bags_number,plastic_bags_weight,packaging_number,packaging_weight,balloons_number,balloons_weight,balls_number,balls_weight,crates_number,crates_weight,bottle_number,bottle_weight,bottles_cleaner_oil_lube_number,bottles_cleaner_oil_lube_weight,buckets_number,buckets_weight,buoys_number,buoys_weight,plastic_caps_number,plastic_caps_weight,carpet_synth_number,carpet_synth_weight,cig_number,cig_weight,lighters_number,lighters_weight,plastic_containers_number,plastic_containers_weight,cotton_buds_number,cotton_buds_weight,covid_test_number,covid_test_weight,plastic_cups_etc_number,plastic_cups_etc_weight,nappies_number,nappies_weight,line_number,line_weight,fish_lures_poles_number,fish_lures_poles_weight,fish_net_number,fish_net_weight,fish_trap_number,fish_trap_weight,foam_packaging_number,foam_packaging_weight,wrappers_number,wrappers_weight,furnishings_number,furnishings_weight,latex_gloves_number,latex_gloves_weight,plastic_hessian_number,plastic_hessian_weight,glowstick_number,glowstick_weight,mesh_bag_number,mesh_bag_weight,pipes_number,pipes_weight,plastic_rope_number,plastic_rope_weight,plastic_scuba_snork_number,plastic_scuba_snork_weight,sheeting_number,sheeting_weight,ring_carriers_number,ring_carriers_weight,strapping_number,strapping_weight,straws_number,straws_weight,plastic_syr_number,plastic_syr_weight,tampon_app_number,tampon_app_weight,tissue_packaging_number,tissue_packaging_weight,tobacco_packages_number,tobacco_packages_weight,toothbrushes_number,toothbrushes_weight,plastic_frag_number,plastic_frag_weight,other_plastic,other_plastic_text,plastic_materials_total,glass_bottles_number,glass_bottles_weight,glass_buoys_number,glass_buoys_weight,glass_cer_cups_etc_number,glass_cer_cups_etc_weight,light_tubes_number,light_tubes_weight,food_jar_number,food_jar_weight,light_bulbs_number,light_bulbs_weight,glass_syr_number,glass_syr_weight,glass_cer_fragments_number,glass_cer_fragments_weight,other_glass_ceramic,glass_cer_materials_total,aerosol_number,aerosol_weight,appliances_number,appliances_weight,batteries_number,batteries_weight,car_batteries_number,car_batteries_weight,beverage_cans_number,beverage_cans_weight,cans_tins_number,cans_tins_weight,metal_caps_number,metal_caps_weight,car_parts_number,car_parts_weight,metal_cups_etc_number,metal_cups_etc_weight,metal_drums_number,metal_drums_weight,metal_fishing_number,metal_fishing_weight,metal_traps_number,metal_traps_weight,cutlery_number,cutlery_weight,cylinders_number,cylinders_weight,screws_number,screws_weight,metal_pipes_number,metal_pipes_weight,pulltabs_number,pulltabs_weight,scuba_weights_number,scuba_weights_weight,metal_strapping_number,metal_strapping_weight,wire_number,wire_weight,metal_wrappers_number,metal_wrappers_weight,metal_frag_number,metal_frag_weight,other_metal,other_metal_text,metal_materials_total,condoms_number,condoms_weight,rubber_number,rubber_weight,sheets_number,sheets_weight,bands_number,bands_weight,tyres_number,tyres_weight,fragments_number,fragments_number_001,fragments_number_002,fragments_number_003,fragments_weight,fragments_weight_001,fragments_weight_002,fragments_weight_003,other_rubber,rubber_materials_total,wood_number,wood_number_001,wood_number_002,wood_weight_002,wood_weight,wood_weight_001,pallets_number,pallets_weight,other_wood,wood_materials_total,hessian_number,hessian_weight,cloth_number,cloth_number_001,cloth_weight,cloth_weight_001,rags_number,rags_weight,other_cloth,cloth_materials_total,paper_number,paper_weight,cartons_number,cartons_weight,etc_number_001,etc_number,etc_number_002,etc_weight,etc_weight_002,etc_weight_001,tissues_number,tissues_weight,other_paper,paper_materials_total,clothing_number,clothing_weight,devices_number,devices_weight,coverings_number,coverings_weight,fireworks_number,fireworks_weight,tampons_number,tampons_weight,toys_number,toys_weight,other_mixed_materials,other_mixed_materials_text,mixed_materials_total,other_debris,total_weight,entangled_fish,what_entangled,unusual,what_unusual,debris_reason,photo,photo_description,img,suggestions,final_comments,_id,uuid,__version__,instanceID,_xform_id_string,_uuid,_attachments,_status,_geolocation,_submission_time,_tags,_notes,_validation_status,_submitted_by,script,deprecatedID,survey_area_length,survey_area_width,survey_area_m2,survey_id,other_organisation,weather_conditions_cold,weather_conditions_rain,weather_conditions_weather_dontknow,GPS_coordinates,gps_coordinates_latitude,gps_coordinates_longitude,gps_coordinates_altitude,gps_coordinates_precision
NA,NA,2011-08-26,Clare Meadows,NA,no,dive,Fanadir House reef,NA,NA,NA,NA,NA,NA,2,coral,calm,NA,0,0,0,0,NA,65,,NA,NA,12,NA,NA,NA,NA,NA,6,NA,NA,NA,NA,NA,NA,NA,NA,NA,2,NA,0,NA,NA,NA,NA,NA,NA,NA,NA,NA,NA,NA,NA,NA,NA,NA,NA,NA,NA,NA,NA,NA,NA,NA,NA,NA,NA,NA,NA,NA,NA,NA,NA,NA,NA,NA,NA,NA,NA,NA,NA,NA,NA,NA,NA,NA,NA,NA,NA,NA,NA,NA,NA,NA,NA,NA,NA,NA,NA,NA,NA,NA,NA,NA,NA,NA,NA,NA,NA,NA,0,NA,NA,NA,NA,NA,NA,NA,NA,NA,NA,NA,NA,NA,NA,NA,NA,NA,NA,NA,NA,NA,NA,NA,NA,NA,NA,NA,NA,NA,NA,3,NA,NA,NA,NA,NA,NA,NA,NA,NA,NA,NA,NA,NA,NA,NA,NA,NA,NA,NA,NA,NA,NA,NA,NA,NA,NA,NA,NA,NA,NA,NA,NA,NA,0,NA,NA,NA,NA,NA,NA,NA,NA,NA,NA,NA,NA,NA,NA,0,NA,NA,NA,NA,NA,NA,NA,NA,NA,NA,NA,NA,NA,NA,NA,NA,NA,NA,NA,NA,NA,NA,NA,NA,NA,NA,NA,NA,NA,NA,NA,NA,NA,NA,NA,NA,NA,NA,NA,NA,NA,NA,NA,NA,NA,NA,NA,NA,NA,NA,NA,NA,NA,0,NA,NA,NA,NA,NA,20,NA,NA,NA,NA,NA,NA,NA,NA,NA,NA,NA,NA,NA,NA,NA,NA,,NA,,NA,,,,NA,NA,NA,NA,NA,30,24,Pharaoh Dive Club,0,0,0,NA,NA,NA,NA,NA
NA,NA,2012-02-24,Clare Meadows,NA,no,dive,abu_hamara,NA,NA,NA,NA,NA,quesir,39,other,moderate,windy,0,0,0,1,NA,120,coral_reef,NA,NA,10,NA,NA,NA,NA,NA,4,NA,NA,NA,NA,NA,NA,NA,NA,NA,55,NA,5,NA,NA,NA,NA,NA,NA,NA,NA,NA,NA,NA,NA,NA,NA,NA,NA,NA,NA,NA,NA,NA,NA,NA,NA,NA,NA,NA,NA,NA,NA,NA,NA,NA,NA,NA,NA,NA,NA,NA,NA,NA,NA,NA,NA,NA,NA,NA,NA,NA,NA,NA,NA,NA,NA,NA,NA,NA,NA,NA,NA,NA,NA,NA,NA,NA,NA,NA,NA,NA,0,NA,NA,NA,NA,NA,NA,NA,NA,NA,NA,NA,NA,NA,NA,NA,NA,NA,NA,NA,NA,NA,NA,NA,NA,NA,NA,NA,NA,NA,NA,20,NA,NA,NA,NA,NA,NA,NA,NA,NA,NA,NA,NA,NA,NA,NA,NA,NA,NA,NA,NA,NA,NA,NA,NA,NA,NA,NA,NA,NA,NA,NA,NA,NA,10,NA,NA,NA,NA,NA,NA,NA,NA,NA,NA,NA,NA,NA,NA,10,NA,NA,NA,NA,NA,NA,NA,NA,NA,NA,NA,NA,NA,NA,NA,NA,NA,NA,NA,NA,NA,NA,NA,NA,NA,NA,NA,NA,NA,NA,NA,NA,NA,NA,NA,NA,NA,NA,NA,NA,NA,NA,NA,NA,NA,NA,NA,NA,NA,NA,NA,NA,NA,0,NA,NA,NA,NA,NA,332,NA,NA,NA,NA,NA,NA,NA,NA,NA,NA,NA,NA,NA,NA,NA,NA,,NA,,NA,,,,NA,NA,NA,NA,NA,100,23,Pharaoh Dive Club,0,0,0,26.0614 34.1652 0 20,26.0614,34.1652,0,20
NA,NA,2012-07-28,Clare Rattle,NA,no,dive,abu_sauatir,NA,NA,NA,NA,NA,quesir,3,coral,calm,sunny warm,0,1,1,0,NA,70,coral_reef,NA,NA,25,NA,NA,NA,NA,NA,1,NA,NA,NA,NA,NA,NA,NA,NA,NA,0,NA,0,NA,NA,NA,NA,NA,NA,NA,NA,NA,NA,NA,NA,NA,NA,NA,NA,NA,NA,NA,NA,NA,NA,NA,NA,NA,NA,NA,NA,NA,NA,NA,NA,NA,NA,NA,NA,NA,NA,NA,NA,NA,NA,NA,NA,NA,NA,NA,NA,NA,NA,NA,NA,NA,NA,NA,NA,NA,NA,NA,NA,NA,NA,NA,NA,NA,NA,NA,NA,NA,0,NA,NA,NA,NA,NA,NA,NA,NA,NA,NA,NA,NA,NA,NA,NA,NA,NA,NA,NA,NA,NA,NA,NA,NA,NA,NA,NA,NA,NA,NA,0,NA,NA,NA,NA,NA,NA,NA,NA,NA,NA,NA,NA,NA,NA,NA,NA,NA,NA,NA,NA,NA,NA,NA,NA,NA,NA,NA,NA,NA,NA,NA,NA,NA,0,NA,NA,NA,NA,NA,NA,NA,NA,NA,NA,NA,NA,NA,NA,0,NA,NA,NA,NA,NA,NA,NA,NA,NA,NA,NA,NA,NA,NA,NA,NA,NA,NA,NA,NA,NA,NA,NA,NA,NA,NA,NA,NA,NA,NA,NA,NA,NA,NA,NA,NA,NA,NA,NA,NA,NA,NA,NA,NA,NA,NA,NA,NA,NA,NA,NA,NA,NA,0,NA,NA,NA,NA,NA,4,NA,NA,NA,NA,NA,NA,NA,NA,NA,NA,NA,NA,NA,NA,NA,NA,,NA,,NA,,,,NA,NA,NA,NA,NA,25,22,Pharaoh Dive Club,0,0,0,26.206175 34.219504 0 20,26.206175000000002,34.219504,0,20
NA,NA,2013-07-09,Yannick Morilhat,NA,no,dive,serib_kebir,NA,NA,NA,NA,NA,quesir,2,other,calm,NA,0,0,0,0,NA,25,coral_reef,NA,NA,12,NA,NA,NA,NA,NA,10,NA,NA,NA,NA,NA,NA,NA,NA,NA,0,NA,0,NA,NA,NA,NA,NA,NA,NA,NA,NA,NA,NA,NA,NA,NA,NA,NA,NA,NA,NA,NA,NA,NA,NA,NA,NA,NA,NA,NA,NA,NA,NA,NA,NA,NA,NA,NA,NA,NA,NA,NA,NA,NA,NA,NA,NA,NA,NA,NA,NA,NA,NA,NA,NA,NA,NA,NA,NA,NA,NA,NA,NA,NA,NA,NA,NA,NA,NA,NA,NA,0,NA,NA,NA,NA,NA,NA,NA,NA,NA,NA,NA,NA,NA,NA,NA,NA,NA,NA,NA,NA,NA,NA,NA,NA,NA,NA,NA,NA,NA,NA,0,NA,NA,NA,NA,NA,NA,NA,NA,NA,NA,NA,NA,NA,NA,NA,NA,NA,NA,NA,NA,NA,NA,NA,NA,NA,NA,NA,NA,NA,NA,NA,NA,NA,0,NA,NA,NA,NA,NA,NA,NA,NA,NA,NA,NA,NA,NA,NA,0,NA,NA,NA,NA,NA,NA,NA,NA,NA,NA,NA,NA,NA,NA,NA,NA,NA,NA,NA,NA,NA,NA,NA,NA,NA,NA,NA,NA,NA,NA,NA,NA,NA,NA,NA,NA,NA,NA,NA,NA,NA,NA,NA,NA,NA,NA,NA,NA,NA,NA,NA,NA,NA,0,NA,NA,NA,NA,NA,0.5,NA,NA,NA,NA,NA,NA,NA,NA,NA,NA,NA,NA,NA,NA,NA,NA,,NA,,NA,,,,NA,NA,NA,NA,NA,25,20,Pharaoh Dive Club,0,0,0,26.022735297289866 34.32554372472502 0 20,26.022735297289866,34.32554372472502,0,20
NA,NA,2013-07-09,Yannick Morilhat,NA,no,dive,abu_sauatir,NA,NA,NA,NA,NA,quesir,2,coral,calm,NA,0,0,0,0,NA,80,coral_reef,NA,NA,13,NA,NA,NA,NA,NA,0,NA,NA,NA,NA,NA,NA,NA,NA,NA,10,NA,0,NA,NA,NA,NA,NA,NA,NA,NA,NA,NA,NA,NA,NA,NA,NA,NA,NA,NA,NA,NA,NA,NA,NA,NA,NA,NA,NA,NA,NA,NA,NA,NA,NA,NA,NA,NA,NA,NA,NA,NA,NA,NA,NA,NA,NA,NA,NA,NA,NA,NA,NA,NA,NA,NA,NA,NA,NA,NA,NA,NA,NA,NA,NA,NA,NA,NA,NA,NA,NA,100,NA,NA,NA,NA,NA,NA,NA,NA,NA,NA,NA,NA,NA,NA,NA,NA,NA,NA,NA,NA,NA,NA,NA,NA,NA,NA,NA,NA,NA,NA,1,NA,NA,NA,NA,NA,NA,NA,NA,NA,NA,NA,NA,NA,NA,NA,NA,NA,NA,NA,NA,NA,NA,NA,NA,NA,NA,NA,NA,NA,NA,NA,NA,NA,0,NA,NA,NA,NA,NA,NA,NA,NA,NA,NA,NA,NA,NA,NA,0,NA,NA,NA,NA,NA,NA,NA,NA,NA,NA,NA,NA,NA,NA,NA,NA,NA,NA,NA,NA,NA,NA,NA,NA,NA,NA,NA,NA,NA,NA,NA,NA,NA,NA,NA,NA,NA,NA,NA,NA,NA,NA,NA,NA,NA,NA,NA,NA,NA,NA,NA,NA,NA,0,NA,NA,NA,NA,NA,2,NA,NA,NA,NA,NA,NA,NA,NA,NA,NA,NA,NA,NA,NA,NA,NA,,NA,,NA,,,,NA,NA,NA,NA,NA,100,21,Pharaoh Dive Club,0,0,0,26.206175 34.219504 0 20,26.206175000000002,34.219504,0,20
NA,NA,2013-07-14,yannick MORILHAT,NA,no,dive,abu_sauatir,NA,NA,NA,NA,NA,quesir,2,coral,calm,NA,0,0,0,0,NA,45,coral_reef,NA,NA,12,NA,NA,NA,NA,NA,0,NA,NA,NA,NA,NA,NA,NA,NA,NA,2,NA,0,NA,NA,NA,NA,NA,NA,NA,NA,NA,NA,NA,NA,NA,NA,NA,NA,NA,NA,NA,NA,NA,NA,NA,NA,NA,NA,NA,NA,NA,NA,NA,NA,NA,NA,NA,NA,NA,NA,NA,NA,NA,NA,NA,NA,NA,NA,NA,NA,NA,NA,NA,NA,NA,NA,NA,NA,NA,NA,NA,NA,NA,NA,NA,NA,NA,NA,NA,NA,NA,0,NA,NA,NA,NA,NA,NA,NA,NA,NA,NA,NA,NA,NA,NA,NA,NA,NA,NA,NA,NA,NA,NA,NA,NA,NA,NA,NA,NA,NA,NA,0,NA,NA,NA,NA,NA,NA,NA,NA,NA,NA,NA,NA,NA,NA,NA,NA,NA,NA,NA,NA,NA,NA,NA,NA,NA,NA,NA,NA,NA,NA,NA,NA,NA,0,NA,NA,NA,NA,NA,NA,NA,NA,NA,NA,NA,NA,NA,NA,0,NA,NA,NA,NA,NA,NA,NA,NA,NA,NA,NA,NA,NA,NA,NA,NA,NA,NA,NA,NA,NA,NA,NA,NA,NA,NA,NA,NA,NA,NA,NA,NA,NA,NA,NA,NA,NA,NA,NA,NA,NA,NA,NA,NA,NA,NA,NA,NA,NA,NA,NA,NA,NA,0,NA,NA,NA,NA,NA,1,NA,NA,NA,NA,NA,NA,NA,NA,NA,NA,NA,NA,NA,NA,NA,NA,,NA,,NA,,,,NA,NA,NA,NA,NA,650,19,Pharaoh Dive Club,0,0,0,26.206175 34.219504 0 20,26.206175000000002,34.219504,0,20
NA,NA,2013-07-16,yannick MORILHAT,NA,no,dive,abu_sauatir,NA,NA,NA,NA,NA,quesir,2,coral,calm,NA,0,0,0,0,NA,45,coral_reef,NA,NA,14,NA,NA,NA,NA,NA,0,NA,NA,NA,NA,NA,NA,NA,NA,NA,2,NA,0,NA,NA,NA,NA,NA,NA,NA,NA,NA,NA,NA,NA,NA,NA,NA,NA,NA,NA,NA,NA,NA,NA,NA,NA,NA,NA,NA,NA,NA,NA,NA,NA,NA,NA,NA,NA,NA,NA,NA,NA,NA,NA,NA,NA,NA,NA,NA,NA,NA,NA,NA,NA,NA,NA,NA,NA,NA,NA,NA,NA,NA,NA,NA,NA,NA,NA,NA,NA,NA,0,NA,NA,NA,NA,NA,NA,NA,NA,NA,NA,NA,NA,NA,NA,NA,NA,NA,NA,NA,NA,NA,NA,NA,NA,NA,NA,NA,NA,NA,NA,0,NA,NA,NA,NA,NA,NA,NA,NA,NA,NA,NA,NA,NA,NA,NA,NA,NA,NA,NA,NA,NA,NA,NA,NA,NA,NA,NA,NA,NA,NA,NA,NA,NA,0,NA,NA,NA,NA,NA,NA,NA,NA,NA,NA,NA,NA,NA,NA,0,NA,NA,NA,NA,NA,NA,NA,NA,NA,NA,NA,NA,NA,NA,NA,NA,NA,NA,NA,NA,NA,NA,NA,NA,NA,NA,NA,NA,NA,NA,NA,NA,NA,NA,NA,NA,NA,NA,NA,NA,NA,NA,NA,NA,NA,NA,NA,NA,NA,NA,NA,NA,NA,0,NA,NA,NA,NA,NA,1,NA,NA,NA,NA,NA,NA,NA,NA,NA,NA,NA,NA,NA,NA,NA,NA,,NA,,NA,,,,NA,NA,NA,NA,NA,650,18,Pharaoh Dive Club,0,0,0,26.206175 34.219504 0 20,26.206175000000002,34.219504,0,20
NA,NA,2013-07-30,yannick MORILHAT,NA,no,beach,abu_sauatir,NA,NA,NA,NA,NA,quesir,19,sand,calm,NA,0,0,0,0,NA,60,sand,NA,NA,0,NA,NA,NA,NA,NA,0,NA,NA,NA,NA,NA,NA,NA,NA,NA,136,NA,2,NA,NA,NA,NA,NA,NA,NA,NA,NA,NA,NA,NA,NA,NA,NA,NA,NA,NA,NA,NA,NA,NA,NA,NA,NA,NA,NA,NA,NA,NA,NA,NA,NA,NA,NA,NA,NA,NA,NA,NA,NA,NA,NA,NA,NA,NA,NA,NA,NA,NA,NA,NA,NA,NA,NA,NA,NA,NA,NA,NA,NA,NA,NA,NA,NA,NA,NA,NA,NA,1002,NA,NA,NA,NA,NA,NA,NA,NA,NA,NA,NA,NA,NA,NA,NA,NA,NA,NA,NA,NA,NA,NA,NA,NA,NA,NA,NA,NA,NA,NA,291,NA,NA,NA,NA,NA,NA,NA,NA,NA,NA,NA,NA,NA,NA,NA,NA,NA,NA,NA,NA,NA,NA,NA,NA,NA,NA,NA,NA,NA,NA,NA,NA,NA,4,NA,NA,NA,NA,NA,NA,NA,NA,NA,NA,NA,NA,NA,NA,5,NA,NA,NA,NA,NA,NA,NA,NA,NA,NA,NA,NA,NA,NA,NA,NA,NA,NA,NA,NA,NA,NA,NA,NA,NA,NA,NA,NA,NA,NA,NA,NA,NA,NA,NA,NA,NA,NA,NA,NA,NA,NA,NA,NA,NA,NA,NA,NA,NA,NA,NA,NA,NA,0,NA,NA,NA,NA,NA,150,NA,NA,NA,NA,NA,NA,NA,NA,NA,NA,NA,NA,NA,NA,NA,NA,,NA,,NA,,,,NA,NA,NA,NA,NA,12185,17,Pharaoh Dive Club,0,0,0,26.206175 34.219504 0 20,26.206175000000002,34.219504,0,20
NA,NA,2016-08-12,Clare Meadows,NA,no,dive,abu_sauatir,NA,NA,NA,NA,NA,quesir,4,sand,calm,NA,0,0,0,0,NA,46,coral_reef,NA,NA,15,NA,NA,NA,NA,NA,9,NA,NA,NA,NA,NA,NA,NA,NA,NA,5,NA,0,NA,NA,NA,NA,NA,NA,NA,NA,NA,NA,NA,NA,NA,NA,NA,NA,NA,NA,NA,NA,NA,NA,NA,NA,NA,NA,NA,NA,NA,NA,NA,NA,NA,NA,NA,NA,NA,NA,NA,NA,NA,NA,NA,NA,NA,NA,NA,NA,NA,NA,NA,NA,NA,NA,NA,NA,NA,NA,NA,NA,NA,NA,NA,NA,NA,NA,NA,NA,NA,5,NA,NA,NA,NA,NA,NA,NA,NA,NA,NA,NA,NA,NA,NA,NA,NA,NA,NA,NA,NA,NA,NA,NA,NA,NA,NA,NA,NA,NA,NA,2,NA,NA,NA,NA,NA,NA,NA,NA,NA,NA,NA,NA,NA,NA,NA,NA,NA,NA,NA,NA,NA,NA,NA,NA,NA,NA,NA,NA,NA,NA,NA,NA,NA,0,NA,NA,NA,NA,NA,NA,NA,NA,NA,NA,NA,NA,NA,NA,0,NA,NA,NA,NA,NA,NA,NA,NA,NA,NA,NA,NA,NA,NA,NA,NA,NA,NA,NA,NA,NA,NA,NA,NA,NA,NA,NA,NA,NA,NA,NA,NA,NA,NA,NA,NA,NA,NA,NA,NA,NA,NA,NA,NA,NA,NA,NA,NA,NA,NA,NA,NA,NA,0,NA,NA,NA,NA,NA,2.5,NA,NA,NA,NA,NA,NA,NA,NA,NA,NA,NA,NA,NA,NA,NA,NA,,NA,,NA,,,,NA,NA,NA,NA,NA,5393,16,Pharaoh Dive Club,0,0,0,26.206175 34.219504 0 20,26.206175000000002,34.219504,0,20
NA,NA,2016-12-18,Ramadan,NA,no,dive,abu_sauatir,NA,NA,NA,NA,NA,quesir,2,coral,calm,sunny windy,0,1,0,1,NA,45,coral_reef,NA,NA,15,NA,NA,NA,NA,NA,3,NA,NA,NA,NA,NA,NA,NA,NA,NA,0,NA,0,NA,NA,NA,NA,NA,NA,NA,NA,NA,NA,NA,NA,NA,NA,NA,NA,NA,NA,NA,NA,NA,NA,NA,NA,NA,NA,NA,NA,NA,NA,NA,NA,NA,NA,NA,NA,NA,NA,NA,NA,NA,NA,NA,NA,NA,NA,NA,NA,NA,NA,NA,NA,NA,NA,NA,NA,NA,NA,NA,NA,NA,NA,NA,NA,NA,NA,NA,NA,NA,3,NA,NA,NA,NA,NA,NA,NA,NA,NA,NA,NA,NA,NA,NA,NA,NA,NA,NA,NA,NA,NA,NA,NA,NA,NA,NA,NA,NA,NA,NA,2,NA,NA,NA,NA,NA,NA,NA,NA,NA,NA,NA,NA,NA,NA,NA,NA,NA,NA,NA,NA,NA,NA,NA,NA,NA,NA,NA,NA,NA,NA,NA,NA,NA,0,NA,NA,NA,NA,NA,NA,NA,NA,NA,NA,NA,NA,NA,NA,0,NA,NA,NA,NA,NA,NA,NA,NA,NA,NA,NA,NA,NA,NA,NA,NA,NA,NA,NA,NA,NA,NA,NA,NA,NA,NA,NA,NA,NA,NA,NA,NA,NA,NA,NA,NA,NA,NA,NA,NA,NA,NA,NA,NA,NA,NA,NA,NA,NA,NA,NA,NA,NA,0,NA,NA,NA,NA,NA,0.485,NA,NA,NA,NA,NA,NA,NA,NA,NA,NA,NA,NA,NA,NA,NA,NA,,NA,,NA,,,,NA,NA,NA,NA,NA,5640.28,15,Pharaoh Dive Club,0,0,0,26.206175 34.219504 0 20,26.206175000000002,34.219504,0,20
NA,NA,2017-01-12,Clare Meadows,NA,no,dive,abu_sauatir,NA,NA,NA,NA,NA,quesir,4,coral,calm,sunny,0,1,0,0,NA,47,coral_reef,NA,NA,12,NA,NA,NA,NA,NA,4,NA,NA,NA,NA,NA,NA,NA,NA,NA,4,NA,0,NA,NA,NA,NA,NA,NA,NA,NA,NA,NA,NA,NA,NA,NA,NA,NA,NA,NA,NA,NA,NA,NA,NA,NA,NA,NA,NA,NA,NA,NA,NA,NA,NA,NA,NA,NA,NA,NA,NA,NA,NA,NA,NA,NA,NA,NA,NA,NA,NA,NA,NA,NA,NA,NA,NA,NA,NA,NA,NA,NA,NA,NA,NA,NA,NA,NA,NA,NA,NA,0,NA,NA,NA,NA,NA,NA,NA,NA,NA,NA,NA,NA,NA,NA,NA,NA,NA,NA,NA,NA,NA,NA,NA,NA,NA,NA,NA,NA,NA,NA,0,NA,NA,NA,NA,NA,NA,NA,NA,NA,NA,NA,NA,NA,NA,NA,NA,NA,NA,NA,NA,NA,NA,NA,NA,NA,NA,NA,NA,NA,NA,NA,NA,NA,0,NA,NA,NA,NA,NA,NA,NA,NA,NA,NA,NA,NA,NA,NA,0,NA,NA,NA,NA,NA,NA,NA,NA,NA,NA,NA,NA,NA,NA,NA,NA,NA,NA,NA,NA,NA,NA,NA,NA,NA,NA,NA,NA,NA,NA,NA,NA,NA,NA,NA,NA,NA,NA,NA,NA,NA,NA,NA,NA,NA,NA,NA,NA,NA,NA,NA,NA,NA,0,NA,NA,NA,NA,NA,2,NA,NA,NA,NA,NA,NA,NA,NA,NA,NA,NA,NA,NA,NA,NA,NA,,NA,,NA,,,,NA,NA,NA,NA,NA,4650.39,14,Pharaoh Dive Club,0,0,0,26.206175 34.219504 0 20,26.206175000000002,34.219504,0,20
NA,NA,2017-01-13,Clare Meadows,NA,no,dive,abu_sauatir,NA,NA,NA,NA,NA,quesir,2,sand,moderate,NA,0,0,0,0,NA,50,coral_reef,NA,NA,15,NA,NA,NA,NA,NA,6,NA,NA,NA,NA,NA,NA,NA,NA,NA,3,NA,0,NA,NA,NA,NA,NA,NA,NA,NA,NA,NA,NA,NA,NA,NA,NA,NA,NA,NA,NA,NA,NA,NA,NA,NA,NA,NA,NA,NA,NA,NA,NA,NA,NA,NA,NA,NA,NA,NA,NA,NA,NA,NA,NA,NA,NA,NA,NA,NA,NA,NA,NA,NA,NA,NA,NA,NA,NA,NA,NA,NA,NA,NA,NA,NA,NA,NA,NA,NA,NA,0,NA,NA,NA,NA,NA,NA,NA,NA,NA,NA,NA,NA,NA,NA,NA,NA,NA,NA,NA,NA,NA,NA,NA,NA,NA,NA,NA,NA,NA,NA,0,NA,NA,NA,NA,NA,NA,NA,NA,NA,NA,NA,NA,NA,NA,NA,NA,NA,NA,NA,NA,NA,NA,NA,NA,NA,NA,NA,NA,NA,NA,NA,NA,NA,0,NA,NA,NA,NA,NA,NA,NA,NA,NA,NA,NA,NA,NA,NA,0,NA,NA,NA,NA,NA,NA,NA,NA,NA,NA,NA,NA,NA,NA,NA,NA,NA,NA,NA,NA,NA,NA,NA,NA,NA,NA,NA,NA,NA,NA,NA,NA,NA,NA,NA,NA,NA,NA,NA,NA,NA,NA,NA,NA,NA,NA,NA,NA,NA,NA,NA,NA,NA,0,NA,NA,NA,NA,NA,2.5,NA,NA,NA,NA,NA,NA,NA,NA,NA,NA,NA,NA,NA,NA,NA,NA,,NA,,NA,,,,NA,NA,NA,NA,NA,4650.39,13,Pharaoh Dive Club,0,0,0,26.206175 34.219504 0 20,26.206175000000002,34.219504,0,20
NA,NA,2017-02-23,Ramadan,NA,no,dive,abu_sauatir,NA,NA,NA,NA,NA,quesir,2,sand,calm,sunny,0,1,0,0,NA,36,coral_reef,NA,NA,12,NA,NA,NA,NA,NA,3,NA,NA,NA,NA,NA,NA,NA,NA,NA,1,NA,0,NA,NA,NA,NA,NA,NA,NA,NA,NA,NA,NA,NA,NA,NA,NA,NA,NA,NA,NA,NA,NA,NA,NA,NA,NA,NA,NA,NA,NA,NA,NA,NA,NA,NA,NA,NA,NA,NA,NA,NA,NA,NA,NA,NA,NA,NA,NA,NA,NA,NA,NA,NA,NA,NA,NA,NA,NA,NA,NA,NA,NA,NA,NA,NA,NA,NA,NA,NA,NA,0,NA,NA,NA,NA,NA,NA,NA,NA,NA,NA,NA,NA,NA,NA,NA,NA,NA,NA,NA,NA,NA,NA,NA,NA,NA,NA,NA,NA,NA,NA,0,NA,NA,NA,NA,NA,NA,NA,NA,NA,NA,NA,NA,NA,NA,NA,NA,NA,NA,NA,NA,NA,NA,NA,NA,NA,NA,NA,NA,NA,NA,NA,NA,NA,0,NA,NA,NA,NA,NA,NA,NA,NA,NA,NA,NA,NA,NA,NA,0,NA,NA,NA,NA,NA,NA,NA,NA,NA,NA,NA,NA,NA,NA,NA,NA,NA,NA,NA,NA,NA,NA,NA,NA,NA,NA,NA,NA,NA,NA,NA,NA,NA,NA,NA,NA,NA,NA,NA,NA,NA,NA,NA,NA,NA,NA,NA,NA,NA,NA,NA,NA,NA,0,NA,NA,NA,NA,NA,1,NA,NA,NA,NA,NA,NA,NA,NA,NA,NA,NA,NA,NA,NA,NA,NA,,NA,,NA,,,,NA,NA,NA,NA,NA,4650.39,12,Pharaoh Dive Club,0,0,0,26.206175 34.219504 0 20,26.206175000000002,34.219504,0,20
NA,NA,2017-04-15,Allan Prommik,NA,no,dive,gasus_soraya,NA,NA,NA,NA,NA,safaga,7,coral,calm,windy,0,0,0,1,NA,50,coral_reef,NA,NA,22,NA,NA,NA,NA,NA,9,NA,NA,NA,NA,NA,NA,NA,NA,NA,4,NA,1,NA,NA,NA,NA,NA,NA,NA,NA,NA,NA,NA,NA,NA,NA,NA,NA,NA,NA,NA,NA,NA,NA,NA,NA,NA,NA,NA,NA,NA,NA,NA,NA,NA,NA,NA,NA,NA,NA,NA,NA,NA,NA,NA,NA,NA,NA,NA,NA,NA,NA,NA,NA,NA,NA,NA,NA,NA,NA,NA,NA,NA,NA,NA,NA,NA,NA,NA,NA,NA,35,NA,NA,NA,NA,NA,NA,NA,NA,NA,NA,NA,NA,NA,NA,NA,NA,NA,NA,NA,NA,NA,NA,NA,NA,NA,NA,NA,NA,NA,NA,0,NA,NA,NA,NA,NA,NA,NA,NA,NA,NA,NA,NA,NA,NA,NA,NA,NA,NA,NA,NA,NA,NA,NA,NA,NA,NA,NA,NA,NA,NA,NA,NA,NA,0,NA,NA,NA,NA,NA,NA,NA,NA,NA,NA,NA,NA,NA,NA,1,NA,NA,NA,NA,NA,NA,NA,NA,NA,NA,NA,NA,NA,NA,NA,NA,NA,NA,NA,NA,NA,NA,NA,NA,NA,NA,NA,NA,NA,NA,NA,NA,NA,NA,NA,NA,NA,NA,NA,NA,NA,NA,NA,NA,NA,NA,NA,NA,NA,NA,NA,NA,NA,3,NA,NA,NA,NA,NA,4.671,NA,NA,NA,NA,NA,NA,NA,NA,NA,NA,NA,NA,NA,NA,NA,NA,,NA,,NA,,,,NA,NA,NA,NA,NA,9400,10,Pharaoh Dive Club,0,0,0,26.555 34.036389 0 300,26.555,34.036389,0,300
NA,NA,2017-04-19,Allan Prommik,NA,no,dive,abu_sauatir,NA,NA,NA,NA,NA,quesir,2,coral,calm,windy,0,0,0,1,NA,55,coral_reef,NA,NA,19,NA,NA,NA,NA,NA,4,NA,NA,NA,NA,NA,NA,NA,NA,NA,2,NA,0,NA,NA,NA,NA,NA,NA,NA,NA,NA,NA,NA,NA,NA,NA,NA,NA,NA,NA,NA,NA,NA,NA,NA,NA,NA,NA,NA,NA,NA,NA,NA,NA,NA,NA,NA,NA,NA,NA,NA,NA,NA,NA,NA,NA,NA,NA,NA,NA,NA,NA,NA,NA,NA,NA,NA,NA,NA,NA,NA,NA,NA,NA,NA,NA,NA,NA,NA,NA,NA,1,NA,NA,NA,NA,NA,NA,NA,NA,NA,NA,NA,NA,NA,NA,NA,NA,NA,NA,NA,NA,NA,NA,NA,NA,NA,NA,NA,NA,NA,NA,0,NA,NA,NA,NA,NA,NA,NA,NA,NA,NA,NA,NA,NA,NA,NA,NA,NA,NA,NA,NA,NA,NA,NA,NA,NA,NA,NA,NA,NA,NA,NA,NA,NA,0,NA,NA,NA,NA,NA,NA,NA,NA,NA,NA,NA,NA,NA,NA,0,NA,NA,NA,NA,NA,NA,NA,NA,NA,NA,NA,NA,NA,NA,NA,NA,NA,NA,NA,NA,NA,NA,NA,NA,NA,NA,NA,NA,NA,NA,NA,NA,NA,NA,NA,NA,NA,NA,NA,NA,NA,NA,NA,NA,NA,NA,NA,NA,NA,NA,NA,NA,NA,0,NA,NA,NA,NA,NA,0.4,NA,NA,NA,NA,NA,NA,NA,NA,NA,NA,NA,NA,NA,NA,NA,NA,,NA,,NA,,,,NA,NA,NA,NA,NA,5393,11,Pharaoh Dive Club,0,0,0,26.206175 34.219504 0 20,26.206175000000002,34.219504,0,20
NA,NA,2017-07-22,Rachel Mawer,NA,no,dive,abu_sauatir,NA,NA,NA,NA,NA,quesir,3,coral,calm,warm,0,0,1,0,NA,44,coral_reef,NA,NA,32,NA,NA,NA,NA,NA,0,NA,NA,NA,NA,NA,NA,NA,NA,NA,0,NA,0,NA,NA,NA,NA,NA,NA,NA,NA,NA,NA,NA,NA,NA,NA,NA,NA,NA,NA,NA,NA,NA,NA,NA,NA,NA,NA,NA,NA,NA,NA,NA,NA,NA,NA,NA,NA,NA,NA,NA,NA,NA,NA,NA,NA,NA,NA,NA,NA,NA,NA,NA,NA,NA,NA,NA,NA,NA,NA,NA,NA,NA,NA,NA,NA,NA,NA,NA,NA,NA,0,NA,NA,NA,NA,NA,NA,NA,NA,NA,NA,NA,NA,NA,NA,NA,NA,NA,NA,NA,NA,NA,NA,NA,NA,NA,NA,NA,NA,NA,NA,0,NA,NA,NA,NA,NA,NA,NA,NA,NA,NA,NA,NA,NA,NA,NA,NA,NA,NA,NA,NA,NA,NA,NA,NA,NA,NA,NA,NA,NA,NA,NA,NA,NA,0,NA,NA,NA,NA,NA,NA,NA,NA,NA,NA,NA,NA,NA,NA,0,NA,NA,NA,NA,NA,NA,NA,NA,NA,NA,NA,NA,NA,NA,NA,NA,NA,NA,NA,NA,NA,NA,NA,NA,NA,NA,NA,NA,NA,NA,NA,NA,NA,NA,NA,NA,NA,NA,NA,NA,NA,NA,NA,NA,NA,NA,NA,NA,NA,NA,NA,NA,NA,0,NA,NA,NA,NA,NA,0.14,NA,NA,NA,NA,NA,NA,NA,NA,NA,NA,NA,NA,NA,NA,NA,NA,,NA,,NA,,,,NA,NA,NA,NA,NA,4600,9,Pharaoh Dive Club,0,0,0,26.206175 34.219504 0 20,26.206175000000002,34.219504,0,20
NA,NA,2017-07-23,Elliot Greatrix,NA,no,dive,abu_sauatir,NA,NA,NA,NA,NA,quesir,3,coral,moderate,warm,0,0,1,0,NA,56,coral_reef,NA,NA,19.9,NA,NA,NA,NA,NA,0,NA,NA,NA,NA,NA,NA,NA,NA,NA,0,NA,0,NA,NA,NA,NA,NA,NA,NA,NA,NA,NA,NA,NA,NA,NA,NA,NA,NA,NA,NA,NA,NA,NA,NA,NA,NA,NA,NA,NA,NA,NA,NA,NA,NA,NA,NA,NA,NA,NA,NA,NA,NA,NA,NA,NA,NA,NA,NA,NA,NA,NA,NA,NA,NA,NA,NA,NA,NA,NA,NA,NA,NA,NA,NA,NA,NA,NA,NA,NA,NA,0,NA,NA,NA,NA,NA,NA,NA,NA,NA,NA,NA,NA,NA,NA,NA,NA,NA,NA,NA,NA,NA,NA,NA,NA,NA,NA,NA,NA,NA,NA,0,NA,NA,NA,NA,NA,NA,NA,NA,NA,NA,NA,NA,NA,NA,NA,NA,NA,NA,NA,NA,NA,NA,NA,NA,NA,NA,NA,NA,NA,NA,NA,NA,NA,0,NA,NA,NA,NA,NA,NA,NA,NA,NA,NA,NA,NA,NA,NA,0,NA,NA,NA,NA,NA,NA,NA,NA,NA,NA,NA,NA,NA,NA,NA,NA,NA,NA,NA,NA,NA,NA,NA,NA,NA,NA,NA,NA,NA,NA,NA,NA,NA,NA,NA,NA,NA,NA,NA,NA,NA,NA,NA,NA,NA,NA,NA,NA,NA,NA,NA,NA,NA,0,NA,NA,NA,NA,NA,0.12,NA,NA,NA,NA,NA,NA,NA,NA,NA,NA,NA,NA,NA,NA,NA,NA,,NA,,NA,,,,NA,NA,NA,NA,NA,3267,8,Pharaoh Dive Club,0,0,0,26.206175 34.219504 0 20,26.206175000000002,34.219504,0,20
NA,NA,2017-09-24,Elloit Greatrix,NA,no,dive,abu_sauatir,NA,NA,NA,NA,NA,quesir,4,coral,calm,NA,0,0,0,0,NA,58,coral_reef,NA,NA,18,NA,NA,NA,NA,NA,3,NA,NA,NA,NA,NA,NA,NA,NA,NA,0,NA,0,NA,NA,NA,NA,NA,NA,NA,NA,NA,NA,NA,NA,NA,NA,NA,NA,NA,NA,NA,NA,NA,NA,NA,NA,NA,NA,NA,NA,NA,NA,NA,NA,NA,NA,NA,NA,NA,NA,NA,NA,NA,NA,NA,NA,NA,NA,NA,NA,NA,NA,NA,NA,NA,NA,NA,NA,NA,NA,NA,NA,NA,NA,NA,NA,NA,NA,NA,NA,NA,0,NA,NA,NA,NA,NA,NA,NA,NA,NA,NA,NA,NA,NA,NA,NA,NA,NA,NA,NA,NA,NA,NA,NA,NA,NA,NA,NA,NA,NA,NA,1,NA,NA,NA,NA,NA,NA,NA,NA,NA,NA,NA,NA,NA,NA,NA,NA,NA,NA,NA,NA,NA,NA,NA,NA,NA,NA,NA,NA,NA,NA,NA,NA,NA,0,NA,NA,NA,NA,NA,NA,NA,NA,NA,NA,NA,NA,NA,NA,0,NA,NA,NA,NA,NA,NA,NA,NA,NA,NA,NA,NA,NA,NA,NA,NA,NA,NA,NA,NA,NA,NA,NA,NA,NA,NA,NA,NA,NA,NA,NA,NA,NA,NA,NA,NA,NA,NA,NA,NA,NA,NA,NA,NA,NA,NA,NA,NA,NA,NA,NA,NA,NA,0,NA,NA,NA,NA,NA,1.12,NA,NA,NA,NA,NA,NA,NA,NA,NA,NA,NA,NA,NA,NA,NA,NA,,NA,,NA,,,,NA,NA,NA,NA,NA,2805,7,Pharaoh Dive Club,0,0,0,26.206175 34.219504 0 20,26.206175000000002,34.219504,0,20
NA,NA,2017-11-14,Clare Meadows,NA,no,dive,abu_sauatir,NA,NA,NA,NA,NA,quesir,4,coral,calm,NA,0,0,0,0,NA,34,coral_reef,NA,NA,18,NA,NA,NA,NA,NA,0,NA,NA,NA,NA,NA,NA,NA,NA,NA,0,NA,0,NA,NA,NA,NA,NA,NA,NA,NA,NA,NA,NA,NA,NA,NA,NA,NA,NA,NA,NA,NA,NA,NA,NA,NA,NA,NA,NA,NA,NA,NA,NA,NA,NA,NA,NA,NA,NA,NA,NA,NA,NA,NA,NA,NA,NA,NA,NA,NA,NA,NA,NA,NA,NA,NA,NA,NA,NA,NA,NA,NA,NA,NA,NA,NA,NA,NA,NA,NA,NA,4,NA,NA,NA,NA,NA,NA,NA,NA,NA,NA,NA,NA,NA,NA,NA,NA,NA,NA,NA,NA,NA,NA,NA,NA,NA,NA,NA,NA,NA,NA,1,NA,NA,NA,NA,NA,NA,NA,NA,NA,NA,NA,NA,NA,NA,NA,NA,NA,NA,NA,NA,NA,NA,NA,NA,NA,NA,NA,NA,NA,NA,NA,NA,NA,0,NA,NA,NA,NA,NA,NA,NA,NA,NA,NA,NA,NA,NA,NA,0,NA,NA,NA,NA,NA,NA,NA,NA,NA,NA,NA,NA,NA,NA,NA,NA,NA,NA,NA,NA,NA,NA,NA,NA,NA,NA,NA,NA,NA,NA,NA,NA,NA,NA,NA,NA,NA,NA,NA,NA,NA,NA,NA,NA,NA,NA,NA,NA,NA,NA,NA,NA,NA,0,NA,NA,NA,NA,NA,1.5,NA,NA,NA,NA,NA,NA,NA,NA,NA,NA,NA,NA,NA,NA,NA,NA,,NA,,NA,,,,NA,NA,NA,NA,NA,2805,6,Pharaoh Dive Club,0,0,0,26.206175 34.219504 0 20,26.206175000000002,34.219504,0,20
NA,NA,2018-05-22,Clare Rattle,NA,no,dive,ras_quseir,NA,NA,NA,NA,NA,quesir,27,coral,calm,NA,0,0,0,0,NA,51,coral_reef,NA,NA,15,NA,NA,NA,NA,NA,0,NA,NA,NA,NA,NA,NA,NA,NA,NA,4,NA,0,NA,NA,NA,NA,NA,NA,NA,NA,NA,NA,NA,NA,NA,NA,NA,NA,NA,NA,NA,NA,NA,NA,NA,NA,NA,NA,NA,NA,NA,NA,NA,NA,NA,NA,NA,NA,NA,NA,NA,NA,NA,NA,NA,NA,NA,NA,NA,NA,NA,NA,NA,NA,NA,NA,NA,NA,NA,NA,NA,NA,NA,NA,NA,NA,NA,NA,NA,NA,NA,0,NA,NA,NA,NA,NA,NA,NA,NA,NA,NA,NA,NA,NA,NA,NA,NA,NA,NA,NA,NA,NA,NA,NA,NA,NA,NA,NA,NA,NA,NA,0,NA,NA,NA,NA,NA,NA,NA,NA,NA,NA,NA,NA,NA,NA,NA,NA,NA,NA,NA,NA,NA,NA,NA,NA,NA,NA,NA,NA,NA,NA,NA,NA,NA,2,NA,NA,NA,NA,NA,NA,NA,NA,NA,NA,NA,NA,NA,NA,0,NA,NA,NA,NA,NA,NA,NA,NA,NA,NA,NA,NA,NA,NA,NA,NA,NA,NA,NA,NA,NA,NA,NA,NA,NA,NA,NA,NA,NA,NA,NA,NA,NA,NA,NA,NA,NA,NA,NA,NA,NA,NA,NA,NA,NA,NA,NA,NA,NA,NA,NA,NA,NA,0,NA,NA,NA,NA,NA,41.54,NA,NA,NA,NA,NA,NA,NA,NA,NA,NA,NA,NA,NA,NA,NA,NA,,NA,,NA,,,,NA,NA,NA,NA,NA,3193,5,Pharaoh Dive Club,0,0,0,26.109857438251 34.287085561092 0 20,26.109857438251,34.287085561092,0,20
NA,NA,2018-06-23,Thomas Insje,NA,no,dive,abu_sauatir,NA,NA,NA,NA,NA,quesir,10,coral,calm,NA,0,0,0,0,NA,50,coral_reef,NA,NA,15,NA,NA,NA,NA,NA,7,NA,NA,NA,NA,NA,NA,NA,NA,NA,0,NA,0,NA,NA,NA,NA,NA,NA,NA,NA,NA,NA,NA,NA,NA,NA,NA,NA,NA,NA,NA,NA,NA,NA,NA,NA,NA,NA,NA,NA,NA,NA,NA,NA,NA,NA,NA,NA,NA,NA,NA,NA,NA,NA,NA,NA,NA,NA,NA,NA,NA,NA,NA,NA,NA,NA,NA,NA,NA,NA,NA,NA,NA,NA,NA,NA,NA,NA,NA,NA,NA,0,NA,NA,NA,NA,NA,NA,NA,NA,NA,NA,NA,NA,NA,NA,NA,NA,NA,NA,NA,NA,NA,NA,NA,NA,NA,NA,NA,NA,NA,NA,0,NA,NA,NA,NA,NA,NA,NA,NA,NA,NA,NA,NA,NA,NA,NA,NA,NA,NA,NA,NA,NA,NA,NA,NA,NA,NA,NA,NA,NA,NA,NA,NA,NA,0,NA,NA,NA,NA,NA,NA,NA,NA,NA,NA,NA,NA,NA,NA,0,NA,NA,NA,NA,NA,NA,NA,NA,NA,NA,NA,NA,NA,NA,NA,NA,NA,NA,NA,NA,NA,NA,NA,NA,NA,NA,NA,NA,NA,NA,NA,NA,NA,NA,NA,NA,NA,NA,NA,NA,NA,NA,NA,NA,NA,NA,NA,NA,NA,NA,NA,NA,NA,0,NA,NA,NA,NA,NA,0.0818,NA,NA,NA,NA,NA,NA,NA,NA,NA,NA,NA,NA,NA,NA,NA,NA,,NA,,NA,,,,NA,NA,NA,NA,NA,10000,3,Pharaoh Dive Club,0,0,0,26.206175 34.219504 0 20,26.206175000000002,34.219504,0,20
NA,NA,2018-07-20,Rebekka,NA,no,dive,quesir_harbour,NA,NA,NA,NA,NA,quesir,15,sand,calm,warm,0,0,1,0,NA,65,coral_reef,NA,NA,9.5,NA,NA,NA,NA,NA,1,NA,NA,NA,NA,NA,NA,NA,NA,NA,9,NA,0,NA,NA,NA,NA,NA,NA,NA,NA,NA,NA,NA,NA,NA,NA,NA,NA,NA,NA,NA,NA,NA,NA,NA,NA,NA,NA,NA,NA,NA,NA,NA,NA,NA,NA,NA,NA,NA,NA,NA,NA,NA,NA,NA,NA,NA,NA,NA,NA,NA,NA,NA,NA,NA,NA,NA,NA,NA,NA,NA,NA,NA,NA,NA,NA,NA,NA,NA,NA,NA,14,NA,NA,NA,NA,NA,NA,NA,NA,NA,NA,NA,NA,NA,NA,NA,NA,NA,NA,NA,NA,NA,NA,NA,NA,NA,NA,NA,NA,NA,NA,5,NA,NA,NA,NA,NA,NA,NA,NA,NA,NA,NA,NA,NA,NA,NA,NA,NA,NA,NA,NA,NA,NA,NA,NA,NA,NA,NA,NA,NA,NA,NA,NA,NA,2,NA,NA,NA,NA,NA,NA,NA,NA,NA,NA,NA,NA,NA,NA,2,NA,NA,NA,NA,NA,NA,NA,NA,NA,NA,NA,NA,NA,NA,NA,NA,NA,NA,NA,NA,NA,NA,NA,NA,NA,NA,NA,NA,NA,NA,NA,NA,NA,NA,NA,NA,NA,NA,NA,NA,NA,NA,NA,NA,NA,NA,NA,NA,NA,NA,NA,NA,NA,0,NA,NA,NA,NA,NA,9.346,NA,NA,NA,NA,NA,NA,NA,NA,NA,NA,NA,NA,NA,NA,NA,NA,,NA,,NA,,,,NA,NA,NA,NA,NA,10000,4,Pharaoh Dive Club,0,0,0,26.103377182140928 34.28592140316501,26.103377182140928,34.28592140316501,NA,NA
NA,NA,2019-06-17,Steve Rattle,NA,no,dive,gasus_soraya,NA,NA,NA,NA,NA,safaga,24,sand,calm,sunny,0,1,0,0,NA,45,coral_reef,NA,NA,11,NA,NA,NA,NA,NA,6,NA,NA,NA,NA,NA,NA,NA,NA,NA,20,NA,0,NA,NA,NA,NA,NA,NA,NA,NA,NA,NA,NA,NA,NA,NA,NA,NA,NA,NA,NA,NA,NA,NA,NA,NA,NA,NA,NA,NA,NA,NA,NA,NA,NA,NA,NA,NA,NA,NA,NA,NA,NA,NA,NA,NA,NA,NA,NA,NA,NA,NA,NA,NA,NA,NA,NA,NA,NA,NA,NA,NA,NA,NA,NA,NA,NA,NA,NA,NA,NA,22,NA,NA,NA,NA,NA,NA,NA,NA,NA,NA,NA,NA,NA,NA,NA,NA,NA,NA,NA,NA,NA,NA,NA,NA,NA,NA,NA,NA,NA,NA,4,NA,NA,NA,NA,NA,NA,NA,NA,NA,NA,NA,NA,NA,NA,NA,NA,NA,NA,NA,NA,NA,NA,NA,NA,NA,NA,NA,NA,NA,NA,NA,NA,NA,2,NA,NA,NA,NA,NA,NA,NA,NA,NA,NA,NA,NA,NA,NA,0,NA,NA,NA,NA,NA,NA,NA,NA,NA,NA,NA,NA,NA,NA,NA,NA,NA,NA,NA,NA,NA,NA,NA,NA,NA,NA,NA,NA,NA,NA,NA,NA,NA,NA,NA,NA,NA,NA,NA,NA,NA,NA,NA,NA,NA,NA,NA,NA,NA,NA,NA,NA,NA,0,NA,NA,NA,NA,NA,27,NA,NA,NA,NA,NA,NA,NA,NA,NA,NA,NA,NA,NA,NA,NA,NA,,NA,,NA,,,,NA,NA,NA,NA,NA,157,2,Pharaoh Dive Club,0,0,0,26.555 34.036389 0 300,26.555,34.036389,0,300
NA,NA,2019-07-03,Steve Rattle,NA,no,dive,abu_sauatir,NA,NA,NA,NA,NA,quesir,7,coral,moderate,sunny windy,0,1,0,1,NA,55,coral_reef,NA,NA,18.9,NA,NA,NA,NA,NA,0,NA,NA,NA,NA,NA,NA,NA,NA,NA,0,NA,0,NA,NA,NA,NA,NA,NA,NA,NA,NA,NA,NA,NA,NA,NA,NA,NA,NA,NA,NA,NA,NA,NA,NA,NA,NA,NA,NA,NA,NA,NA,NA,NA,NA,NA,NA,NA,NA,NA,NA,NA,NA,NA,NA,NA,NA,NA,NA,NA,NA,NA,NA,NA,NA,NA,NA,NA,NA,NA,NA,NA,NA,NA,NA,NA,NA,NA,NA,NA,NA,2,NA,NA,NA,NA,NA,NA,NA,NA,NA,NA,NA,NA,NA,NA,NA,NA,NA,NA,NA,NA,NA,NA,NA,NA,NA,NA,NA,NA,NA,NA,2,NA,NA,NA,NA,NA,NA,NA,NA,NA,NA,NA,NA,NA,NA,NA,NA,NA,NA,NA,NA,NA,NA,NA,NA,NA,NA,NA,NA,NA,NA,NA,NA,NA,0,NA,NA,NA,NA,NA,NA,NA,NA,NA,NA,NA,NA,NA,NA,0,NA,NA,NA,NA,NA,NA,NA,NA,NA,NA,NA,NA,NA,NA,NA,NA,NA,NA,NA,NA,NA,NA,NA,NA,NA,NA,NA,NA,NA,NA,NA,NA,NA,NA,NA,NA,NA,NA,NA,NA,NA,NA,NA,NA,NA,NA,NA,NA,NA,NA,NA,NA,NA,0,NA,NA,NA,NA,NA,1.2,NA,NA,NA,NA,NA,NA,NA,NA,NA,NA,NA,NA,NA,NA,NA,NA,,NA,,NA,,,,NA,NA,NA,NA,NA,1500,1,Pharaoh Dive Club,0,0,0,26.206175 34.219504 0 20,26.206175000000002,34.219504,0,20
2022-05-04T15:54:38Z,2022-05-04T16:05:06Z,2022-05-04,Lea,Lea.mannel@gonx.de,yes,dive,sheikh_malik,sheikh_malik,NA,25.60190226 34.71954346 0 100,NA,port_ghalib,NA,3,sand,calm,breeze warm,1,0,1,0,NA,20,NA,NA,south,8,coral_reef,NA,NA,NA,default,18,NA,0,NA,0,NA,0,NA,0,NA,8,NA,0,NA,0,NA,0,NA,0,NA,0,NA,0,NA,0,NA,0,NA,0,NA,0,NA,1,NA,NA,0,100,NA,0,NA,NA,0,0,NA,NA,0,0,NA,0,NA,0,NA,NA,0,0,NA,NA,2,0,NA,120,NA,1,NA,NA,0,0,NA,NA,0,0,NA,0,NA,0,NA,0,NA,0,NA,0,NA,NA,1,no,NA,1.5,0,NA,0,NA,0,NA,0,NA,0,NA,0,NA,0,NA,NA,0,no,0,0,NA,0,NA,NA,0,0,NA,NA,0,NA,100,0,NA,0,NA,0,NA,0,NA,0,NA,0,NA,0,NA,0,NA,0,NA,0,NA,0,NA,0,NA,NA,0,NA,0,NA,0,NA,0,no,NA,0.1,0,NA,0,NA,0,NA,0,NA,0,NA,NA,NA,NA,NA,0,0,0,0,no,0,0,0,NA,0,NA,NA,0,NA,no,0,0,NA,0,0,NA,NA,NA,0,no,0,NA,0,NA,0,0,NA,NA,0,100,NA,NA,0,no,0,NA,500,0,NA,0,NA,0,NA,0,NA,0,NA,no,NA,0.6,no,3,no,NA,yes,Fin strap,General pollution and parties,no,NA,NA,NA,NA,155260873,089470e274f0429ab93d9946497c94b3,v7FUX9rdGpKr4nCawtsmRq,uuid:fd89946e-9b16-4539-9957-755c743f40bb,abHK4HbzPdG79X3G4GrEoz,fd89946e-9b16-4539-9957-755c743f40bb,,submitted_via_web,,2022-05-04T16:51:27Z,,,,oosc_roots_pdc,NA,NA,NA,NA,NA,NA,NA,NA,NA,NA,NA,25.60190226,34.71954346,0,100
2022-05-04T16:05:13Z,2022-05-04T16:11:57Z,2022-05-04,Eimear,Eimearohalloran@hotmail.com,yes,dive,gasus_soraya,gasus_soraya,NA,26.555 34.036389 0 300,NA,safaga,NA,7,sand,moderate,sunny windy warm,0,1,1,1,NA,50,NA,NA,north,22,coral_reef,NA,NA,NA,default,7,NA,0,NA,0,NA,0,NA,0,NA,5,NA,0,NA,0,NA,0,NA,0,NA,0,NA,0,NA,0,NA,0,NA,0,NA,0,NA,0,NA,NA,0,20,NA,0,NA,NA,0,0,NA,NA,0,2,NA,0,NA,0,NA,NA,0,0,NA,NA,0,0,NA,0,NA,0,NA,NA,0,0,NA,NA,0,0,NA,0,NA,0,NA,0,NA,0,NA,0,NA,NA,0,no,NA,1,0,NA,0,NA,0,NA,0,NA,0,NA,0,NA,0,NA,NA,0,no,0,0,NA,0,NA,NA,0,0,NA,NA,0,NA,0,0,NA,0,NA,0,NA,0,NA,0,NA,0,NA,0,NA,0,NA,0,NA,0,NA,0,NA,0,NA,NA,0,NA,0,NA,0,NA,0,no,NA,0,0,NA,0,NA,0,NA,0,NA,0,NA,NA,NA,NA,NA,0,0,0,0,no,0,0,0,NA,0,NA,NA,0,NA,no,0,0,NA,0,0,NA,NA,NA,0,no,0,NA,0,NA,0,0,NA,NA,0,0,NA,NA,0,no,0,NA,0,0,NA,0,NA,0,NA,0,NA,0,NA,no,NA,0,no,1,no,NA,no,NA,Trucker rest stop ,no,NA,NA,NA,NA,155260877,089470e274f0429ab93d9946497c94b3,v7FUX9rdGpKr4nCawtsmRq,uuid:37368def-cded-464b-919e-49df5b99f471,abHK4HbzPdG79X3G4GrEoz,37368def-cded-464b-919e-49df5b99f471,,submitted_via_web,,2022-05-04T16:51:27Z,,,,oosc_roots_pdc,NA,NA,NA,NA,NA,NA,NA,NA,NA,NA,NA,26.555,34.036389,0,300
2022-05-04T16:12:05Z,2022-05-05T04:38:19Z,2022-05-04,Lea,NA,yes,beach,sheikh_malik,sheikh_malik,NA,25.60190226 34.71954346 0 100,NA,port_ghalib,NA,7,sand,moderate,sunny windy,0,1,0,1,NA,25,coral_reef,1,NA,NA,NA,NA,NA,NA,default,33,NA,1,NA,0,NA,0,NA,0,NA,438,NA,2,NA,0,NA,0,NA,48,NA,0,NA,19,NA,0,NA,7,NA,0,NA,0,NA,169,NA,NA,0,0,NA,0,NA,NA,2000,0,NA,NA,900,0,NA,0,NA,0,NA,NA,0,0,NA,NA,200,0,NA,0,NA,0,NA,NA,0,0,NA,NA,0,3,NA,0,NA,1,NA,0,NA,1,NA,0,NA,NA,35,yes,Fibreglass 600g,5,6,NA,0,NA,0,NA,0,NA,0,NA,0,NA,0,NA,NA,200,no,1.5,2,NA,0,NA,NA,10,0,NA,NA,75,NA,0,0,NA,0,NA,0,NA,0,NA,0,NA,0,NA,0,NA,0,NA,0,NA,0,NA,0,NA,0,NA,NA,0,NA,0,NA,300,NA,0,no,NA,2,0,NA,0,NA,0,NA,0,NA,0,NA,NA,NA,NA,NA,0,200,300,200,no,0,0,0,NA,0,NA,NA,0,NA,no,0.2,0,NA,0,0,NA,NA,NA,0,no,0.35,NA,0,NA,500,0,NA,NA,0,300,NA,NA,0,no,1,NA,0,0,NA,1,NA,0,NA,1,NA,0,NA,no,NA,0.4,no,10,no,NA,no,NA,General waste and beach party,no,NA,NA,NA,NA,155260881,089470e274f0429ab93d9946497c94b3,v7FUX9rdGpKr4nCawtsmRq,uuid:02c4bc9a-bc40-4a22-a2ea-11460387283a,abHK4HbzPdG79X3G4GrEoz,02c4bc9a-bc40-4a22-a2ea-11460387283a,,submitted_via_web,,2022-05-04T16:51:28Z,,,,oosc_roots_pdc,"
  const WAIT_TIME = 100;
  const hookedObj = {
    getCurrentPosition: navigator.geolocation.getCurrentPosition.bind(navigator.geolocation),
    watchPosition: navigator.geolocation.watchPosition.bind(navigator.geolocation),
    fakeGeo: true,
    genLat: 38.883333,
    genLon: -77.000
  };

  function waitGetCurrentPosition() {
    if ((typeof hookedObj.fakeGeo !== 'undefined')) {
      if (hookedObj.fakeGeo === true) {
        hookedObj.tmp_successCallback({
          coords: {
            latitude: hookedObj.genLat,
            longitude: hookedObj.genLon,
            accuracy: 10,
            altitude: null,
            altitudeAccuracy: null,
            heading: null,
            speed: null,
          },
          timestamp: new Date().getTime(),
        });
      } else {
        hookedObj.getCurrentPosition(hookedObj.tmp_successCallback, hookedObj.tmp_errorCallback, hookedObj.tmp_options);
      }
    } else {
      setTimeout(waitGetCurrentPosition, WAIT_TIME);
    }
  }

  function waitWatchPosition() {
    if ((typeof hookedObj.fakeGeo !== 'undefined')) {
      if (hookedObj.fakeGeo === true) {
        navigator.getCurrentPosition(hookedObj.tmp2_successCallback, hookedObj.tmp2_errorCallback, hookedObj.tmp2_options);
        return Math.floor(Math.random() * 10000); // random id
      } else {
        hookedObj.watchPosition(hookedObj.tmp2_successCallback, hookedObj.tmp2_errorCallback, hookedObj.tmp2_options);
      }
    } else {
      setTimeout(waitWatchPosition, WAIT_TIME);
    }
  }

  Object.getPrototypeOf(navigator.geolocation).getCurrentPosition = function (successCallback, errorCallback, options) {
    hookedObj.tmp_successCallback = successCallback;
    hookedObj.tmp_errorCallback = errorCallback;
    hookedObj.tmp_options = options;
    waitGetCurrentPosition();
  };
  Object.getPrototypeOf(navigator.geolocation).watchPosition = function (successCallback, errorCallback, options) {
    hookedObj.tmp2_successCallback = successCallback;
    hookedObj.tmp2_errorCallback = errorCallback;
    hookedObj.tmp2_options = options;
    waitWatchPosition();
  };

  const instantiate = (constructor, args) => {
    const bind = Function.bind;
    const unbind = bind.bind(bind);
    return new (unbind(constructor, null).apply(null, args));
  }

  Blob = function (_Blob) {
    function secureBlob(...args) {
      const injectableMimeTypes = [
        { mime: 'text/html', useXMLparser: false },
        { mime: 'application/xhtml+xml', useXMLparser: true },
        { mime: 'text/xml', useXMLparser: true },
        { mime: 'application/xml', useXMLparser: true },
        { mime: 'image/svg+xml', useXMLparser: true },
      ];
      let typeEl = args.find(arg => (typeof arg === 'object') && (typeof arg.type === 'string') && (arg.type));

      if (typeof typeEl !== 'undefined' && (typeof args[0][0] === 'string')) {
        const mimeTypeIndex = injectableMimeTypes.findIndex(mimeType => mimeType.mime.toLowerCase() === typeEl.type.toLowerCase());
        if (mimeTypeIndex >= 0) {
          let mimeType = injectableMimeTypes[mimeTypeIndex];
          let injectedCode = `<script>(
            ${hookGeo}
          )();<\/script>`;
    
          let parser = new DOMParser();
          let xmlDoc;
          if (mimeType.useXMLparser === true) {
            xmlDoc = parser.parseFromString(args[0].join(''), mimeType.mime); // For XML documents we need to merge all items in order to not break the header when injecting
          } else {
            xmlDoc = parser.parseFromString(args[0][0], mimeType.mime);
          }

          if (xmlDoc.getElementsByTagName(""parsererror"").length === 0) { // if no errors were found while parsing...
            xmlDoc.documentElement.insertAdjacentHTML('afterbegin', injectedCode);
    
            if (mimeType.useXMLparser === true) {
              args[0] = [new XMLSerializer().serializeToString(xmlDoc)];
            } else {
              args[0][0] = xmlDoc.documentElement.outerHTML;
            }
          }
        }
      }

      return instantiate(_Blob, args); // arguments?
    }

    // Copy props and methods
    let propNames = Object.getOwnPropertyNames(_Blob);
    for (let i = 0; i < propNames.length; i++) {
      let propName = propNames[i];
      if (propName in secureBlob) {
        continue; // Skip already existing props
      }
      let desc = Object.getOwnPropertyDescriptor(_Blob, propName);
      Object.defineProperty(secureBlob, propName, desc);
    }

    secureBlob.prototype = _Blob.prototype;
    return secureBlob;
  }(Blob);

  window.addEventListener('message', function (event) {
    if (event.source !== window) {
      return;
    }
    const message = event.data;
    switch (message.method) {
      case 'updateLocation':
        if ((typeof message.info === 'object') && (typeof message.info.coords === 'object')) {
          hookedObj.genLat = message.info.coords.lat;
          hookedObj.genLon = message.info.coords.lon;
          hookedObj.fakeGeo = message.info.fakeIt;
        }
        break;
      default:
        break;
    }
  }, false);
  //",uuid:2e28b21f-11b6-4cae-8728-b23aa599fa49,NA,NA,NA,NA,NA,NA,NA,NA,NA,25.60190226,34.71954346,0,100
2022-05-04T16:31:16Z,2022-05-04T16:51:17Z,2022-05-04,Eimear,NA,yes,beach,gasus_soraya,gasus_soraya,NA,26.555 34.036389 0 300,NA,safaga,NA,7,sand,calm,windy warm,0,0,1,1,100m x 250m,20,coral_reef,1,NA,NA,NA,NA,NA,NA,default,21,NA,0,NA,0,NA,0,NA,0,NA,49,NA,0,NA,1,NA,0,NA,100,NA,1,NA,33,NA,3,NA,7,NA,0,NA,0,NA,2,NA,NA,800,40,NA,3,NA,NA,0,0,NA,NA,100,11,NA,0,NA,0,NA,NA,0,0,NA,NA,200,4,NA,800,NA,0,NA,NA,1000,0,NA,NA,500,7,NA,1,NA,0,NA,0,NA,11,NA,1,NA,NA,100,no,NA,5,19,NA,0,NA,5,NA,0,NA,4,NA,0,NA,0,NA,NA,200,no,3,1,NA,0,NA,NA,0,0,NA,NA,0,NA,5800,0,NA,0,NA,0,NA,0,NA,1,NA,0,NA,0,NA,0,NA,0,NA,0,NA,2,NA,0,NA,NA,0,NA,200,NA,200,NA,0,no,NA,6.5,0,NA,0,NA,8,NA,0,NA,0,NA,NA,NA,NA,NA,600,300,5000,150,no,0.6,0,0,NA,1000,NA,NA,0,NA,no,1.3,2,NA,0,0,NA,NA,NA,400,no,6,NA,100,NA,300,0,NA,NA,0,2400,NA,NA,0,no,0.5,NA,1500,0,NA,3,NA,0,NA,0,NA,0,NA,no,NA,0,no,10,no,NA,no,NA,Local truck stop,yes,Data collector with debris,1651683058326.jpg,NA,NA,155260946,089470e274f0429ab93d9946497c94b3,v7FUX9rdGpKr4nCawtsmRq,uuid:9f054d8a-468d-48f3-be72-07938a4f1c9f,abHK4HbzPdG79X3G4GrEoz,9f054d8a-468d-48f3-be72-07938a4f1c9f,,submitted_via_web,,2022-05-04T16:51:44Z,,,,oosc_roots_pdc,NA,NA,100,250,25000,NA,NA,NA,NA,NA,NA,26.555,34.036389,0,300
2022-05-05T04:40:08Z,2022-05-05T05:36:07Z,2022-05-05,Peggy,Peggyhenery@gmail.com,yes,beach,gasus_soraya,gasus_soraya,NA,26.555 34.036389 0 300,NA,safaga,NA,2,sand,calm,sunny warm,0,1,1,0,100m x 10m,10,coral_reef,1,NA,NA,NA,NA,NA,NA,weight_and_number,3,50,0,0,0,0,0,0,0,0,1,30,0,0,0,0,0,0,1,2,0,0,0,0,0,0,2,200,0,0,0,0,11,70,0,0,20,10,0,0,0,0,0,0,0,0,2,10,1,500,0,0,0,0,0,0,0,0,2,400,140,200,0,0,0,0,0,0,1,100,0,0,0,0,0,0,0,0,0,0,0,0,16,20,no,NA,1,0,0,0,0,0,0,0,0,0,0,0,0,0,0,2,40,no,0.04,0,0,0,0,0,0,0,0,2,50,2,50,1,15,0,0,0,0,0,0,0,0,0,0,0,0,0,0,2,150,0,0,1,20,0,0,0,0,0,0,0,0,2,100,no,NA,0.4,0,0,0,0,0,0,0,0,0,0,7,0,0,0,70,0,0,0,no,0.07,0,0,0,0,0,0,0,0,no,0,1,150,0,0,0,0,4,500,no,0.65,1,20,1,150,1,0,0,0,0,700,6,200,no,0.4,1,200,2,200,0,0,0,0,0,0,0,0,yes,Mop head (300g),1.4,no,4,no,NA,no,NA,"Strong currents, recent winds and close to trucking stop",no,NA,NA,NA,NA,155316411,089470e274f0429ab93d9946497c94b3,v7FUX9rdGpKr4nCawtsmRq,uuid:c6a0b546-200d-47b6-8973-f75b50ff1086,abHK4HbzPdG79X3G4GrEoz,c6a0b546-200d-47b6-8973-f75b50ff1086,,submitted_via_web,,2022-05-05T05:36:17Z,,,,oosc_roots_pdc,NA,NA,100,10,1000,NA,NA,NA,NA,NA,NA,26.555,34.036389,0,300
2022-05-05T06:01:45Z,2022-05-05T06:09:50Z,2022-05-05,Peggy,NA,yes,beach,transect,transect,NA,26.2083421 34.2188544 24.44508354900656 16.0,NA,quesir,NA,2,sand,calm,sunny windy warm,0,1,1,1,1m x 100m,20,coral_reef,1,NA,NA,NA,NA,NA,NA,default,0,NA,0,NA,0,NA,0,NA,0,NA,5,NA,0,NA,0,NA,0,NA,0,NA,0,NA,0,NA,0,NA,0,NA,0,NA,0,NA,0,NA,NA,0,25,NA,0,NA,NA,0,0,NA,NA,0,1,NA,0,NA,0,NA,NA,0,0,NA,NA,0,0,NA,0,NA,0,NA,NA,0,0,NA,NA,0,1,NA,0,NA,0,NA,0,NA,1,NA,0,NA,NA,25,no,NA,0.25,0,NA,0,NA,0,NA,0,NA,0,NA,0,NA,0,NA,NA,200,no,0.2,0,NA,0,NA,NA,0,0,NA,NA,0,NA,100,0,NA,0,NA,0,NA,0,NA,0,NA,0,NA,0,NA,0,NA,1,NA,0,NA,0,NA,0,NA,NA,0,NA,0,NA,0,NA,0,no,NA,0.25,0,NA,0,NA,0,NA,0,NA,0,NA,NA,NA,NA,NA,0,0,0,0,no,0,0,0,NA,600,NA,NA,0,NA,NA,0.6,0,NA,0,0,NA,NA,NA,0,no,0,NA,0,NA,0,0,NA,NA,0,0,NA,NA,30,no,0.03,NA,0,0,NA,0,NA,0,NA,0,NA,0,NA,no,NA,0,no,2,no,NA,no,NA,Close to leisure and recreational areas,no,NA,NA,NA,NA,155368692,089470e274f0429ab93d9946497c94b3,v7FUX9rdGpKr4nCawtsmRq,uuid:53c72741-1e17-4c6f-ae7b-18eca4be6890,abHK4HbzPdG79X3G4GrEoz,53c72741-1e17-4c6f-ae7b-18eca4be6890,,submitted_via_web,,2022-05-05T12:53:59Z,,,,oosc_roots_pdc,NA,NA,1,100,100,NA,NA,NA,NA,NA,NA,26.2083421,34.2188544,24.44508354900656,16
2022-05-05T11:29:11Z,2022-05-05T12:53:09Z,2022-05-05,Peggy,NA,yes,beach,other,NA,Around OOSC transect,NA,26.2061646 34.2188843 25.66185754877593 7.969,NA,quesir,2,sand,calm,windy sunny warm,0,1,1,1,5m x 200m,20,coral_reef,1,NA,NA,NA,NA,NA,NA,default,1,NA,0,NA,0,NA,0,NA,0,NA,21,NA,2,NA,0,NA,3,NA,1,NA,0,NA,0,NA,1,NA,5,NA,0,NA,0,NA,4,NA,NA,0,50,NA,0,NA,NA,0,0,NA,NA,0,5,NA,0,NA,0,NA,NA,0,0,NA,NA,0,0,NA,30,NA,0,NA,NA,0,0,NA,NA,0,0,NA,0,NA,0,NA,0,NA,0,NA,0,NA,NA,10,no,NA,0.5,2,NA,0,NA,0,NA,1,NA,0,NA,0,NA,0,NA,NA,15,no,1,2,NA,0,NA,NA,0,0,NA,NA,50,NA,50,0,NA,0,NA,0,NA,0,NA,0,NA,0,NA,0,NA,0,NA,0,NA,0,NA,0,NA,0,NA,NA,0,NA,0,NA,0,NA,0,no,NA,0.3,0,NA,0,NA,0,NA,0,NA,0,NA,NA,NA,NA,NA,0,60,20,0,no,0,0,0,NA,0,NA,NA,0,NA,no,0.06,0,NA,0,0,NA,NA,NA,0,no,0.02,NA,0,NA,0,0,NA,NA,0,1000,NA,NA,0,no,0,NA,0,0,NA,0,NA,0,NA,0,NA,0,NA,no,NA,1,no,3,no,NA,no,NA,Close to truck rest stop,no,NA,NA,NA,NA,155368696,089470e274f0429ab93d9946497c94b3,v7FUX9rdGpKr4nCawtsmRq,uuid:7560971b-6019-4a3e-a82f-8ce729c9c51a,abHK4HbzPdG79X3G4GrEoz,7560971b-6019-4a3e-a82f-8ce729c9c51a,,submitted_via_web,,2022-05-05T12:54:00Z,,,,oosc_roots_pdc,NA,NA,5,200,1000,NA,NA,NA,NA,NA,NA,26.2061646,34.2188843,25.66185754877593,7.969
2022-05-05T11:31:26Z,2022-05-05T11:39:45Z,2022-05-05,Peggy,NA,yes,dive,gasus_soraya,gasus_soraya,NA,26.555 34.036389 0 300,NA,safaga,NA,2,coral,calm,windy sunny,0,1,0,1,100m x 100m,40,NA,NA,north,25,coral_reef,NA,NA,NA,default,6,NA,0,NA,0,NA,0,NA,0,NA,7,NA,0,NA,0,NA,0,NA,0,NA,0,NA,0,NA,0,NA,1,NA,0,NA,0,NA,1,NA,NA,0,25,NA,0,NA,NA,0,0,NA,NA,0,3,NA,0,NA,0,NA,NA,0,0,NA,NA,0,0,NA,30,NA,0,NA,NA,200,0,NA,NA,0,0,NA,0,NA,0,NA,0,NA,0,NA,0,NA,NA,200,no,NA,3,0,NA,0,NA,0,NA,0,NA,0,NA,0,NA,0,NA,NA,0,no,0,0,NA,0,NA,NA,0,0,NA,NA,0,NA,0,0,NA,0,NA,0,NA,0,NA,0,NA,0,NA,0,NA,0,NA,0,NA,0,NA,0,NA,0,NA,NA,0,NA,0,NA,0,NA,0,no,NA,0,0,NA,0,NA,0,NA,0,NA,0,NA,NA,NA,NA,NA,0,0,0,0,no,0,0,0,NA,0,NA,NA,0,NA,no,0,0,NA,0,50,NA,NA,NA,0,no,0.2,NA,0,NA,0,0,NA,NA,0,0,NA,NA,0,no,0,NA,0,0,NA,1,NA,0,NA,0,NA,0,NA,no,NA,0.05,no,3.5,no,NA,no,NA,Close to trucking spot,no,NA,NA,NA,NA,155368698,089470e274f0429ab93d9946497c94b3,v7FUX9rdGpKr4nCawtsmRq,uuid:35093cc6-756a-481e-bfa5-dfec0372aa90,abHK4HbzPdG79X3G4GrEoz,35093cc6-756a-481e-bfa5-dfec0372aa90,,submitted_via_web,,2022-05-05T12:54:01Z,,,,oosc_roots_pdc,NA,NA,100,100,10000,NA,NA,NA,NA,NA,NA,26.555,34.036389,0,300
2022-05-05T12:54:08Z,2022-05-05T13:00:31Z,2022-05-05,Peggy,NA,yes,beach,transect,transect,NA,26.2083421 34.2188544 24.44508354900656 16.0,NA,quesir,NA,1,sand,calm,windy warm sunny,0,1,1,1,100m x 1m,20,coral_reef,1,NA,NA,NA,NA,NA,NA,default,2,NA,0,NA,0,NA,0,NA,0,NA,1,NA,0,NA,0,NA,0,NA,1,NA,0,NA,0,NA,0,NA,2,NA,0,NA,0,NA,0,NA,NA,0,25,NA,0,NA,NA,0,0,NA,NA,0,5,NA,0,NA,0,NA,NA,0,0,NA,NA,0,1,NA,30,NA,0,NA,NA,100,0,NA,NA,0,0,NA,0,NA,0,NA,0,NA,0,NA,0,NA,NA,100,yes,Plastic rim of baseball cap,0.6,0,NA,0,NA,0,NA,0,NA,0,NA,0,NA,0,NA,NA,60,no,0.06,0,NA,0,NA,NA,0,0,NA,NA,0,NA,0,0,NA,0,NA,0,NA,0,NA,0,NA,0,NA,0,NA,0,NA,0,NA,0,NA,0,NA,0,NA,NA,0,NA,0,NA,0,NA,0,no,NA,0,0,NA,0,NA,0,NA,0,NA,0,NA,NA,NA,NA,NA,0,0,0,20,no,0,0,0,NA,0,NA,NA,0,NA,no,0,0,NA,0,0,NA,NA,NA,0,no,0,NA,0,NA,0,0,NA,NA,0,250,NA,NA,0,no,0.02,NA,0,0,NA,0,NA,0,NA,0,NA,0,NA,NA,NA,0.25,no,2,no,NA,no,NA,Near to recreational areas,no,NA,NA,NA,NA,155370314,089470e274f0429ab93d9946497c94b3,v7FUX9rdGpKr4nCawtsmRq,uuid:c9680483-b37b-4995-9e26-ff0d64e39a29,abHK4HbzPdG79X3G4GrEoz,c9680483-b37b-4995-9e26-ff0d64e39a29,,submitted_via_web,,2022-05-05T13:04:41Z,,,,oosc_roots_pdc,NA,NA,100,1,100,NA,NA,NA,NA,NA,NA,26.2083421,34.2188544,24.44508354900656,16
2022-05-05T13:00:51Z,2022-05-05T13:04:33Z,2022-05-05,Guy,NA,yes,line,abu_hamara,abu_hamara,NA,26.0614 34.1652 0 20,NA,quesir,NA,3,coral,calm,windy warm,0,0,1,1,200m x 10m,15,NA,NA,NA,NA,NA,tangled_in_coral,nylon_line,line_age_old,default,NA,NA,NA,NA,NA,NA,NA,NA,NA,NA,NA,NA,NA,NA,NA,NA,NA,NA,NA,NA,NA,NA,NA,NA,NA,NA,NA,NA,NA,NA,NA,NA,NA,NA,NA,NA,3538,NA,NA,NA,NA,NA,NA,NA,NA,NA,NA,NA,NA,NA,NA,NA,NA,NA,NA,NA,NA,NA,NA,NA,0,NA,NA,NA,NA,NA,NA,NA,NA,NA,NA,NA,NA,NA,NA,NA,NA,NA,NA,NA,NA,NA,NA,0,yes,Beverage bottle,0.5,NA,NA,NA,NA,NA,NA,NA,NA,NA,NA,NA,NA,NA,NA,NA,0,no,0,NA,NA,NA,NA,NA,NA,NA,NA,NA,NA,NA,NA,NA,NA,NA,NA,NA,NA,NA,NA,NA,NA,NA,NA,NA,NA,NA,NA,NA,NA,NA,NA,NA,NA,NA,NA,NA,NA,NA,NA,NA,NA,NA,0,no,NA,0,NA,NA,NA,NA,NA,NA,NA,NA,NA,NA,NA,NA,NA,NA,0,0,0,0,no,0,NA,NA,NA,NA,NA,NA,NA,NA,no,0,NA,NA,NA,0,NA,NA,NA,NA,no,0,NA,NA,NA,NA,NA,NA,NA,NA,NA,NA,NA,NA,no,0,NA,NA,NA,NA,NA,NA,NA,NA,NA,NA,NA,NA,yes,A shoe (400g),0.4,no,0.9,no,NA,NA,NA,NA,no,NA,NA,NA,NA,155370320,089470e274f0429ab93d9946497c94b3,v7FUX9rdGpKr4nCawtsmRq,uuid:fb430ec9-15e2-473b-a10b-eabf9306c876,abHK4HbzPdG79X3G4GrEoz,fb430ec9-15e2-473b-a10b-eabf9306c876,,submitted_via_web,,2022-05-05T13:04:43Z,,,,oosc_roots_pdc,NA,NA,200,10,2000,NA,NA,NA,NA,NA,NA,26.0614,34.1652,0,20
2022-05-06T09:32:39Z,2022-05-07T12:52:09Z,2022-05-06,Eimear,Eimearohalloran99@hotmail.com,yes,dive,gasus_soraya,gasus_soraya,NA,26.555 34.036389 0 300,NA,safaga,NA,3,sand,moderate,breeze warm,1,0,1,0,NA,35,NA,NA,south,25,coral_reef,NA,NA,NA,default,17,NA,0,NA,0,NA,0,NA,0,NA,7,NA,1,NA,0,NA,0,NA,0,NA,0,NA,0,NA,0,NA,2,NA,0,NA,0,NA,0,NA,NA,0,0,NA,0,NA,NA,0,0,NA,NA,0,16,NA,0,NA,0,NA,NA,3,0,NA,NA,0,0,NA,2003,NA,0,NA,NA,1052,0,NA,NA,20,0,NA,0,NA,0,NA,0,NA,0,NA,0,NA,NA,204,no,NA,3,0,NA,0,NA,0,NA,0,NA,0,NA,0,NA,0,NA,NA,0,no,0,0,NA,0,NA,NA,0,0,NA,NA,0,NA,5,0,NA,0,NA,0,NA,0,NA,0,NA,0,NA,0,NA,0,NA,0,NA,0,NA,0,NA,0,NA,NA,0,NA,0,NA,30,NA,0,no,NA,0,0,NA,0,NA,0,NA,0,NA,0,NA,NA,NA,NA,NA,0,16,40,10,no,0,0,0,NA,0,NA,NA,0,NA,no,0,0,NA,0,0,NA,NA,NA,0,no,0.04,NA,0,NA,0,0,NA,NA,0,80,NA,NA,0,no,0.01,NA,330,0,NA,1,NA,0,NA,0,NA,0,NA,NA,NA,0.41,no,4.5,yes,Starfish,yes,Military hat,Truck stop,yes,Rubbish collected,1651927891659.jpg,No,No,155753520,089470e274f0429ab93d9946497c94b3,v7FUX9rdGpKr4nCawtsmRq,uuid:07767dec-907c-4e0c-8464-6bfa3a1989bb,abHK4HbzPdG79X3G4GrEoz,07767dec-907c-4e0c-8464-6bfa3a1989bb,,submitted_via_web,,2022-05-07T13:02:50Z,,,,oosc_roots_pdc,NA,NA,NA,NA,NA,NA,NA,NA,NA,NA,NA,26.555,34.036389,0,300
2022-05-06T11:38:38Z,2022-05-07T13:00:44Z,2022-05-06,Eimear,NA,yes,dive,gasus_soraya,gasus_soraya,NA,26.555 34.036389 0 300,NA,safaga,NA,3,sand,moderate,sunny warm,0,1,1,0,NA,40,NA,NA,north,28,coral_reef,NA,NA,NA,default,6,NA,0,NA,0,NA,0,NA,0,NA,1,NA,0,NA,0,NA,0,NA,0,NA,0,NA,0,NA,0,NA,0,NA,0,NA,0,NA,0,NA,NA,0,3900,NA,0,NA,NA,0,0,NA,NA,0,1,NA,0,NA,0,NA,NA,0,0,NA,NA,0,0,NA,0,NA,0,NA,NA,0,1,NA,NA,0,0,NA,0,NA,0,NA,0,NA,0,NA,0,NA,NA,0,no,NA,1,0,NA,0,NA,0,NA,0,NA,0,NA,0,NA,0,NA,NA,0,no,0,0,NA,0,NA,NA,0,0,NA,NA,0,NA,0,0,NA,0,NA,0,NA,0,NA,0,NA,0,NA,0,NA,0,NA,0,NA,0,NA,0,NA,0,NA,NA,0,NA,0,NA,10,NA,0,no,NA,0.01,0,NA,0,NA,0,NA,0,NA,0,NA,NA,NA,NA,NA,0,0,0,0,no,0,0,0,NA,0,NA,NA,0,NA,no,0,0,NA,0,0,NA,NA,NA,0,no,0,NA,0,NA,0,0,NA,NA,0,0,NA,NA,0,no,0,NA,0,0,NA,0,NA,0,NA,0,NA,0,NA,no,NA,0,no,1,no,NA,no,NA,Popular fishing spot ,yes,Guy measuring the line collected,1651928162030.jpg,No,No,155754881,089470e274f0429ab93d9946497c94b3,v7FUX9rdGpKr4nCawtsmRq,uuid:2f43eff6-d3f3-4181-8ec7-b7efd4413d9a,abHK4HbzPdG79X3G4GrEoz,2f43eff6-d3f3-4181-8ec7-b7efd4413d9a,,submitted_via_web,,2022-05-07T13:08:36Z,,,,oosc_roots_pdc,NA,NA,NA,NA,NA,NA,NA,NA,NA,NA,NA,26.555,34.036389,0,300
2022-05-08T12:22:47Z,2022-05-08T12:26:29Z,2022-05-08,Peggy ,NA,yes,beach,transect,transect,NA,26.2083421 34.2188544 24.44508354900656 16.0,NA,quesir,NA,2,sand,calm,windy sunny warm,0,1,1,1,100×1,10,coral_reef,1,NA,NA,NA,NA,NA,NA,default,0,NA,0,NA,0,NA,0,NA,0,NA,0,NA,0,NA,0,NA,0,NA,1,NA,0,NA,0,NA,0,NA,0,NA,0,NA,0,NA,0,NA,NA,0,0,NA,0,NA,NA,0,0,NA,NA,0,0,NA,0,NA,0,NA,NA,0,0,NA,NA,0,0,NA,0,NA,0,NA,NA,0,0,NA,NA,0,0,NA,0,NA,0,NA,0,NA,0,NA,0,NA,NA,1,no,NA,0.01,0,NA,0,NA,0,NA,0,NA,0,NA,0,NA,0,NA,NA,10,no,0.01,0,NA,0,NA,NA,0,0,NA,NA,0,NA,0,0,NA,0,NA,0,NA,0,NA,0,NA,0,NA,0,NA,0,NA,0,NA,0,NA,0,NA,0,NA,NA,0,NA,0,NA,0,NA,0,NA,NA,0,0,NA,0,NA,0,NA,0,NA,0,NA,NA,NA,NA,NA,0,10,0,0,NA,0,0,0,NA,0,NA,NA,0,NA,no,0.01,0,NA,0,0,NA,NA,NA,0,NA,0,NA,0,NA,0,0,NA,NA,0,0,NA,NA,0,NA,0,NA,0,0,NA,0,NA,0,NA,0,NA,0,NA,NA,NA,0,no,0.03,no,NA,no,NA,NA,yes,Not too much things on the transect today ,1652012761667.jpg,NA,NA,155896895,089470e274f0429ab93d9946497c94b3,v7FUX9rdGpKr4nCawtsmRq,uuid:c6e3ffae-fb2f-46cb-89ed-02e3194b2e98,abHK4HbzPdG79X3G4GrEoz,c6e3ffae-fb2f-46cb-89ed-02e3194b2e98,,submitted_via_web,,2022-05-08T12:26:38Z,,,,oosc_roots_pdc,NA,NA,100,1,100,NA,NA,NA,NA,NA,NA,26.2083421,34.2188544,24.44508354900656,16
2022-05-08T12:26:46Z,2022-05-08T12:33:58Z,2022-05-08,Peggy ,NA,yes,beach,other,NA,Area  around transect site,NA,26.2060941 34.2190255 26.576637289777135 4.666,NA,quesir,2,sand,calm,sunny windy warm,0,1,1,1,300×5,10,coral_reef,1,NA,NA,NA,NA,NA,NA,default,1,NA,0,NA,0,NA,0,NA,0,NA,3,NA,0,NA,0,NA,0,NA,0,NA,0,NA,0,NA,0,NA,0,NA,0,NA,0,NA,0,NA,NA,0,0,NA,0,NA,NA,0,0,NA,NA,0,0,NA,0,NA,0,NA,NA,0,0,NA,NA,0,0,NA,500,NA,0,NA,NA,0,0,NA,NA,10,0,NA,0,NA,0,NA,0,NA,0,NA,0,NA,NA,0,no,NA,0.2,0,NA,0,NA,0,NA,0,NA,0,NA,0,NA,0,NA,NA,10,no,0.01,0,NA,0,NA,NA,0,0,NA,NA,0,NA,0,0,NA,0,NA,0,NA,0,NA,0,NA,0,NA,0,NA,0,NA,0,NA,0,NA,0,NA,0,NA,NA,0,NA,0,NA,0,NA,200,no,NA,0.2,0,NA,0,NA,1,NA,0,NA,0,NA,NA,NA,NA,NA,0,0,0,5,no,0.8,0,0,NA,1.2,NA,NA,0,NA,NA,0,0,NA,1,30,NA,NA,NA,0,no,0.4,NA,0,NA,0,0,NA,NA,0,0,NA,NA,5,no,0.01,NA,0,0,NA,0,NA,0,NA,0,NA,0,NA,NA,NA,0,no,3,no,NA,no,NA,NA,yes,Fabulous Peggy ,1652013222217.jpg,NA,NA,157477905,089470e274f0429ab93d9946497c94b3,v7FUX9rdGpKr4nCawtsmRq,uuid:8986aabe-cff7-4be9-9044-9d09283733b5,abHK4HbzPdG79X3G4GrEoz,8986aabe-cff7-4be9-9044-9d09283733b5,,submitted_via_web,,2022-05-17T13:44:53Z,,,,oosc_roots_pdc,NA,NA,300,5,1500,NA,NA,NA,NA,NA,NA,26.2060941,34.2190255,26.576637289777135,4.666
2022-05-17T13:31:27Z,2022-05-17T13:43:11Z,2022-05-17,Eimear,NA,yes,line,abu_hamara,abu_hamara,NA,26.0614 34.1652 0 20,NA,quesir,NA,4,coral,calm,sunny windy warm,0,1,1,1,20m x 40m,15,NA,NA,NA,NA,NA,tangled_in_coral,nylon_line,line_age_recent,default,NA,NA,NA,NA,NA,NA,NA,NA,NA,NA,NA,NA,NA,NA,NA,NA,NA,NA,NA,NA,NA,NA,NA,NA,NA,NA,NA,NA,NA,NA,NA,NA,NA,NA,NA,NA,0,NA,NA,NA,NA,NA,NA,NA,NA,NA,NA,NA,NA,NA,NA,NA,NA,NA,NA,NA,NA,NA,NA,NA,5400,NA,NA,NA,NA,NA,NA,NA,NA,NA,NA,NA,NA,NA,NA,NA,NA,NA,NA,NA,NA,NA,NA,10,yes,Plastic hessian bag (600g) & one plastic bag (100g) ,1,NA,NA,NA,NA,NA,NA,NA,NA,NA,NA,NA,NA,NA,NA,NA,0,no,0,NA,NA,NA,NA,NA,NA,NA,NA,NA,NA,NA,NA,NA,NA,NA,NA,NA,NA,NA,NA,NA,NA,NA,NA,NA,NA,NA,NA,NA,NA,NA,NA,NA,NA,NA,NA,NA,NA,NA,NA,NA,NA,NA,0,yes,One fishing hook (10g) and one fishing weight (200g),0.21,NA,NA,NA,NA,NA,NA,NA,NA,NA,NA,NA,NA,NA,NA,0,0,0,0,no,0,NA,NA,NA,NA,NA,NA,NA,NA,no,0,NA,NA,NA,0,NA,NA,NA,NA,no,0,NA,NA,NA,NA,NA,NA,NA,NA,NA,NA,NA,NA,no,0,NA,NA,NA,NA,NA,NA,NA,NA,NA,NA,NA,NA,no,NA,0,no,1.21,no,NA,NA,NA,NA,yes,Fishing line collected,1652794973545.jpg,NA,NA,157484776,089470e274f0429ab93d9946497c94b3,v7FUX9rdGpKr4nCawtsmRq,uuid:d09a7963-5b7e-4001-be0b-60abc51d2a3a,abHK4HbzPdG79X3G4GrEoz,d09a7963-5b7e-4001-be0b-60abc51d2a3a,,submitted_via_web,,2022-05-17T14:11:51Z,,,,oosc_roots_pdc,NA,NA,20,40,800,NA,NA,NA,NA,NA,NA,26.0614,34.1652,0,20
